{"param": "noise", "range": [0.2, 0.4, 0.6000000000000001, 0.8, 1.0], "runtimes": [32.25073931058248, 30.139147667884835, 25.416670159300164, 20.193584684332208, 12.209526927669843]}