{"model": [{"X_pattern": [-1], "Y_pattern": [79, 244, 27, 145, 254, 303, 307, 333, 344, 345, 390, 426, 473], "supp": 226, "conf": 0.08563101136694842}, {"X_pattern": [-1], "Y_pattern": [176, 281, 44, 116, 117, 140, 195, 227, 363, 448, 449, 454, 484], "supp": 245, "conf": 0.09283007869425824}, {"X_pattern": [-1], "Y_pattern": [281, 44, 116, 117, 140, 195, 227, 363, 448, 449, 454, 484], "supp": 248, "conf": 0.08673856018653454}, {"X_pattern": [-1], "Y_pattern": [274, 413, 46, 74, 75, 99, 111, 189, 216, 317, 398, 456, 481], "supp": 240, "conf": 0.0909355872923346}], "total_encoding_cost": 225067.76587228308, "precision": 0.7266576086956522, "recall": 0.14937499999999998, "F1": 0.2478092235870711}