{"model": [{"X_pattern": [-1], "Y_pattern": [100, 165, 8, 82, 145, 161, 256, 263, 271, 353, 392], "supp": 238, "conf": 0.08750877427549554}, {"X_pattern": [-1], "Y_pattern": [10, 229, 79, 141, 187, 200, 201, 215, 219, 397, 467], "supp": 232, "conf": 0.08530267072233179}, {"X_pattern": [-1], "Y_pattern": [341, 456, 23, 42, 132, 143, 265, 404, 460, 496, 500], "supp": 212, "conf": 0.07794899221178594}, {"X_pattern": [-1], "Y_pattern": [154, 174, 21, 52, 103, 131, 160, 356, 363, 388, 499], "supp": 226, "conf": 0.08309656716916804}], "total_encoding_cost": 185068.42573314774, "precision": 0.725, "recall": 0.20653846153846156, "F1": 0.3214905037159373}