{"model": [{"X_pattern": [-1], "Y_pattern": [89, 116, 39, 43, 94, 110, 140, 193, 195, 215, 233, 306, 469], "supp": 229, "conf": 0.08769552537779479}, {"X_pattern": [-1], "Y_pattern": [5, 440, 111, 119, 149, 196, 210, 304, 365, 388, 458, 459, 474], "supp": 227, "conf": 0.08692962559283589}, {"X_pattern": [-1], "Y_pattern": [116, 39, 43, 94, 110, 140, 193, 195, 215, 233, 306, 469], "supp": 230, "conf": 0.08130320794179162}], "total_encoding_cost": 248557.0556524588, "precision": 0.7258212560386473, "recall": 0.09958333333333333, "F1": 0.17513762586542}