{"model": [{"X_pattern": [-1], "Y_pattern": [285, 470, 26, 153, 188, 289, 295, 325, 435], "supp": 255, "conf": 0.08895693631536106}, {"X_pattern": [-1], "Y_pattern": [123, 377, 136, 154, 167, 251, 255, 404, 455], "supp": 245, "conf": 0.08546842900887631}, {"X_pattern": [-1], "Y_pattern": [82, 232, 134, 193, 297, 308, 394, 438, 464], "supp": 225, "conf": 0.07849141439590682}], "total_encoding_cost": 169670.1924193922, "precision": 0.71875, "recall": 0.16235795454545457, "F1": 0.26488191197807515}