{"model": [{"X_pattern": [-1], "Y_pattern": [52, 330, 36, 184, 253, 272, 289, 342, 375, 397, 411, 456, 458], "supp": 261, "conf": 0.10011212085447894}, {"X_pattern": [-1], "Y_pattern": [330, 36, 184, 253, 272, 289, 342, 375, 397, 411, 456, 458], "supp": 265, "conf": 0.09382745190605452}, {"X_pattern": [-1], "Y_pattern": [359, 402, 14, 30, 86, 120, 155, 170, 176, 183, 265, 310, 479], "supp": 219, "conf": 0.0840021243951375}], "total_encoding_cost": 248784.00104908354, "precision": 0.7258212560386473, "recall": 0.09958333333333333, "F1": 0.17513762586542}