{"model": [{"X_pattern": [396, 404], "Y_pattern": [396, 404, 458], "supp": 90, "conf": 0.25210084033613445}, {"X_pattern": [108, 281], "Y_pattern": [108, 281, 383], "supp": 91, "conf": 0.2513812154696133}, {"X_pattern": [110, 166], "Y_pattern": [108, 281, 383], "supp": 88, "conf": 0.25287356321839083}], "total_encoding_cost": 96908.47945308017, "precision": 0.6666666666666666, "recall": 0.16285714285714287, "F1": 0.261768082663605}