{"model": [{"X_pattern": [-1], "Y_pattern": [57, 162, 21, 72, 118, 190, 342, 392, 410], "supp": 286, "conf": 0.09901904212348528}], "total_encoding_cost": 202937.8436955706, "precision": 0.71875, "recall": 0.054119318181818185, "F1": 0.10065934570850948}