{"model": [{"X_pattern": [-1], "Y_pattern": [344, 349, 116, 213, 230, 298, 326, 384, 421], "supp": 244, "conf": 0.08539762784367101}, {"X_pattern": [-1], "Y_pattern": [233, 413, 29, 73, 205, 258, 405, 446, 492], "supp": 249, "conf": 0.08714757923391017}, {"X_pattern": [-1], "Y_pattern": [121, 158, 91, 96, 275, 356, 357, 372, 489], "supp": 231, "conf": 0.08084775422904919}], "total_encoding_cost": 174438.48858920715, "precision": 0.71875, "recall": 0.16235795454545457, "F1": 0.26488191197807515}