{"model": [{"X_pattern": [-1], "Y_pattern": [135, 284, 157, 168, 211, 365, 372, 373, 434, 445, 494], "supp": 243, "conf": 0.08828483667470356}, {"X_pattern": [-1], "Y_pattern": [176, 497, 117, 127, 140, 178, 207, 226, 280, 448, 449], "supp": 250, "conf": 0.09082802127027116}, {"X_pattern": [-1], "Y_pattern": [274, 413, 46, 75, 99, 189, 216, 317, 398, 456, 481], "supp": 241, "conf": 0.0875582125045414}, {"X_pattern": [-1], "Y_pattern": [497, 117, 127, 140, 178, 207, 226, 280, 448, 449], "supp": 255, "conf": 0.08422234699606963}], "total_encoding_cost": 204853.64041646133, "precision": 0.7220081453634084, "recall": 0.15490384615384617, "F1": 0.2550811022157098}