{"model": [{"X_pattern": [-1], "Y_pattern": [12, 351, 5, 37, 140, 392, 413], "supp": 274, "conf": 0.0876599634369287}, {"X_pattern": [-1], "Y_pattern": [221, 400, 118, 127, 217, 286, 472], "supp": 260, "conf": 0.08318098720292505}, {"X_pattern": [-1], "Y_pattern": [38, 381, 132, 266, 296, 379, 403], "supp": 240, "conf": 0.07678244972577697}, {"X_pattern": [-1], "Y_pattern": [162, 424, 81, 252, 292, 490, 491], "supp": 244, "conf": 0.07806215722120657}], "total_encoding_cost": 137470.80344913492, "precision": 0.7083333333333334, "recall": 0.23055555555555554, "F1": 0.347879684418146}