{"model": [{"X_pattern": [-1], "Y_pattern": [81, 83, 48, 108, 166, 210, 220, 223, 333, 363, 395, 403, 457], "supp": 241, "conf": 0.09216603418350837}], "total_encoding_cost": 277191.6764519216, "precision": 0.7291666666666666, "recall": 0.049791666666666665, "F1": 0.09321788356958188}