{"model": [{"X_pattern": [-1], "Y_pattern": [51, 338, 35, 129, 134, 149, 165, 171, 233, 257, 316, 346, 432], "supp": 257, "conf": 0.09700365832413914}, {"X_pattern": [-1], "Y_pattern": [338, 35, 129, 134, 149, 165, 171, 233, 257, 316, 346, 432], "supp": 258, "conf": 0.08989025027582603}, {"X_pattern": [-1], "Y_pattern": [62, 217, 17, 59, 136, 206, 231, 235, 244, 276, 348, 387, 390], "supp": 222, "conf": 0.08379304337727193}, {"X_pattern": [-1], "Y_pattern": [19, 214, 29, 45, 71, 73, 103, 268, 284, 288, 298, 423, 464], "supp": 234, "conf": 0.08832239707334069}], "total_encoding_cost": 235486.96772437802, "precision": 0.7266576086956522, "recall": 0.14937499999999998, "F1": 0.2478092235870711}