{"model": [{"X_pattern": [-1], "Y_pattern": [379, 489, 71, 308, 353, 451, 494], "supp": 275, "conf": 0.08883658682911072}, {"X_pattern": [-1], "Y_pattern": [247, 460, 54, 104, 188, 193, 376], "supp": 249, "conf": 0.08043749134708571}, {"X_pattern": [-1], "Y_pattern": [274, 482, 11, 83, 93, 391, 470], "supp": 251, "conf": 0.08108357561493378}], "total_encoding_cost": 146436.7124534804, "precision": 0.7083333333333334, "recall": 0.17291666666666666, "F1": 0.2779747832939322}