{"model": [{"X_pattern": [-1], "Y_pattern": [27, 49, 60, 153, 165, 281, 309, 370, 386, 394, 419, 429, 496], "supp": 271, "conf": 0.10334408917571135}, {"X_pattern": [-1], "Y_pattern": [49, 60, 153, 165, 281, 309, 370, 386, 394, 419, 429, 496], "supp": 272, "conf": 0.09574655324141977}], "total_encoding_cost": 266956.3458797824, "precision": 0.7241485507246377, "recall": 0.049791666666666665, "F1": 0.09317661091799992}