{"model": [{"X_pattern": [-1], "Y_pattern": [281, 412, 24, 64, 99, 113, 225, 368, 415], "supp": 279, "conf": 0.09643968199101279}, {"X_pattern": [-1], "Y_pattern": [194, 197, 75, 154, 234, 259, 333, 431, 456], "supp": 262, "conf": 0.0905634289664708}, {"X_pattern": [-1], "Y_pattern": [412, 24, 64, 99, 113, 225, 368, 415], "supp": 280, "conf": 0.08603141682989592}], "total_encoding_cost": 188692.08412682576, "precision": 0.7138071895424837, "recall": 0.10823863636363637, "F1": 0.18797374644527817}