{"model": [{"X_pattern": [-1], "Y_pattern": [190, 369, 38, 46, 91, 161, 199, 400, 425, 429, 474], "supp": 256, "conf": 0.09286986346547062}, {"X_pattern": [-1], "Y_pattern": [315, 392, 2, 94, 116, 146, 172, 253, 294, 296, 323], "supp": 235, "conf": 0.08525163247806873}, {"X_pattern": [-1], "Y_pattern": [49, 411, 87, 203, 204, 205, 275, 321, 341, 384, 421], "supp": 245, "conf": 0.08887936151968867}], "total_encoding_cost": 205734.20198018814, "precision": 0.725, "recall": 0.15490384615384617, "F1": 0.2552671839143263}