{"model": [{"X_pattern": [-1], "Y_pattern": [52, 330, 36, 184, 253, 272, 289, 342, 375, 397, 411], "supp": 268, "conf": 0.09710784636669081}, {"X_pattern": [-1], "Y_pattern": [79, 220, 15, 30, 31, 81, 170, 360, 385, 402, 478], "supp": 237, "conf": 0.08587522234666314}, {"X_pattern": [-1], "Y_pattern": [330, 36, 184, 253, 272, 289, 342, 375, 397, 411], "supp": 269, "conf": 0.08860926279728572}, {"X_pattern": [-1], "Y_pattern": [63, 151, 35, 45, 46, 225, 245, 300, 305, 374, 487], "supp": 239, "conf": 0.0865999077673101}], "total_encoding_cost": 199149.6088655207, "precision": 0.7220081453634084, "recall": 0.15490384615384617, "F1": 0.2550811022157098}