{"model": [{"X_pattern": [-1], "Y_pattern": [57, 162, 21, 72, 118, 154, 190, 297, 342, 392, 410], "supp": 284, "conf": 0.1034574115776924}, {"X_pattern": [-1], "Y_pattern": [162, 21, 72, 118, 154, 190, 297, 342, 392, 410], "supp": 284, "conf": 0.09405219234335674}, {"X_pattern": [-1], "Y_pattern": [166, 196, 19, 66, 67, 125, 163, 178, 205, 254, 256], "supp": 238, "conf": 0.08670022519539013}], "total_encoding_cost": 221806.26578490436, "precision": 0.7210108604845447, "recall": 0.10326923076923075, "F1": 0.1806624658985637}