{"model": [{"X_pattern": [-1], "Y_pattern": [95, 378, 69, 73, 136, 207, 255], "supp": 290, "conf": 0.09382944303212387}, {"X_pattern": [-1], "Y_pattern": [23, 173, 27, 49, 109, 279, 412], "supp": 253, "conf": 0.08185810030043911}, {"X_pattern": [-1], "Y_pattern": [386, 496, 59, 280, 308, 394, 429], "supp": 243, "conf": 0.07862260226484863}], "total_encoding_cost": 145547.29254551587, "precision": 0.7083333333333334, "recall": 0.17291666666666666, "F1": 0.2779747832939322}