{"model": [{"X_pattern": [-1], "Y_pattern": [57, 162, 21, 72, 118, 154, 190, 297, 319, 342, 392, 410, 458], "supp": 275, "conf": 0.10449855309695712}, {"X_pattern": [-1], "Y_pattern": [162, 21, 72, 118, 154, 190, 297, 319, 342, 392, 410, 458], "supp": 275, "conf": 0.09646020285872965}], "total_encoding_cost": 277048.94970333437, "precision": 0.7241485507246377, "recall": 0.049791666666666665, "F1": 0.09317661091799992}