{"model": [{"X_pattern": [-1], "Y_pattern": [83, 122, 76, 117, 178, 198, 209, 308, 309, 336, 353, 497, 500], "supp": 247, "conf": 0.09364792347176855}, {"X_pattern": [-1], "Y_pattern": [37, 200, 27, 61, 69, 70, 274, 300, 317, 323, 399, 422, 432], "supp": 260, "conf": 0.09857676154923005}], "total_encoding_cost": 254045.3065940796, "precision": 0.7291666666666666, "recall": 0.09958333333333333, "F1": 0.17523462376403554}