{"model": [{"X_pattern": [-1], "Y_pattern": [57, 199, 5, 66, 88, 149, 192, 388, 440, 457, 473], "supp": 244, "conf": 0.08878010055570257}, {"X_pattern": [-1], "Y_pattern": [220, 259, 79, 142, 145, 181, 211, 266, 360, 419, 462], "supp": 244, "conf": 0.08878010055570257}, {"X_pattern": [-1], "Y_pattern": [89, 93, 39, 43, 111, 141, 196, 216, 235, 307, 469], "supp": 237, "conf": 0.08623313045779306}, {"X_pattern": [-1], "Y_pattern": [208, 488, 30, 41, 116, 134, 173, 204, 234, 340, 437], "supp": 227, "conf": 0.08259460174649377}], "total_encoding_cost": 186970.7397040062, "precision": 0.725, "recall": 0.20653846153846156, "F1": 0.3214905037159373}