{"model": [{"X_pattern": [-1], "Y_pattern": [393, 477, 4, 22, 48, 108, 112, 123, 153, 163, 359, 383, 465], "supp": 240, "conf": 0.09111085153603551}, {"X_pattern": [-1], "Y_pattern": [119, 171, 27, 98, 282, 285, 289, 330, 356, 370, 387, 392, 404], "supp": 221, "conf": 0.08389790912276603}], "total_encoding_cost": 250685.51209377238, "precision": 0.7291666666666666, "recall": 0.09958333333333333, "F1": 0.17523462376403554}