{"model": [{"X_pattern": [-1], "Y_pattern": [72, 423, 127, 182, 279, 301, 485], "supp": 263, "conf": 0.0848191660907625}, {"X_pattern": [-1], "Y_pattern": [302, 445, 25, 291, 350, 351, 373], "supp": 258, "conf": 0.08320663441603317}, {"X_pattern": [-1], "Y_pattern": [109, 164, 105, 118, 203, 303, 448], "supp": 244, "conf": 0.07869154572679106}, {"X_pattern": [-1], "Y_pattern": [230, 381, 19, 29, 104, 214, 462], "supp": 228, "conf": 0.07353144436765723}], "total_encoding_cost": 136987.36953518263, "precision": 0.7083333333333334, "recall": 0.23055555555555554, "F1": 0.347879684418146}