{"model": [{"X_pattern": [-1], "Y_pattern": [96, 372, 92, 330, 343, 376, 389, 396, 399, 470, 495], "supp": 254, "conf": 0.09291652810109745}, {"X_pattern": [-1], "Y_pattern": [72, 445, 29, 204, 213, 230, 299, 344, 350, 404, 420], "supp": 250, "conf": 0.09145327569005654}], "total_encoding_cost": 222160.72532489977, "precision": 0.725, "recall": 0.10326923076923075, "F1": 0.18078709078244715}