{"model": [{"X_pattern": [-1], "Y_pattern": [97, 99, 37, 241, 350], "supp": 127, "conf": 0.04883488425747905}, {"X_pattern": [-1], "Y_pattern": [249, 348, 7, 244, 270], "supp": 104, "conf": 0.03999077136045528}], "total_encoding_cost": 100737.98286538878, "precision": 0.6875, "recall": 0.12589285714285714, "F1": 0.21281558726673985}