{"model": [{"X_pattern": [10, 154], "Y_pattern": [171, 424, 435], "supp": 37, "conf": 0.10511363636363637}, {"X_pattern": [10, 154], "Y_pattern": [10, 154, 171, 424, 435], "supp": 23, "conf": 0.06534090909090909}, {"X_pattern": [10, 154], "Y_pattern": [63, 147, 28, 291, 321], "supp": 21, "conf": 0.05965909090909091}], "total_encoding_cost": 87205.42354169564, "precision": 0.8194444444444445, "recall": 0.11671626984126984, "F1": 0.20432922988160632}