{"model": [{"X_pattern": [-1], "Y_pattern": [172, 444, 345, 447, 493], "supp": 201, "conf": 0.06729159691998661}, {"X_pattern": [-1], "Y_pattern": [18, 416, 258, 371, 409], "supp": 172, "conf": 0.05758285905590894}, {"X_pattern": [-1], "Y_pattern": [170, 454, 15, 239, 291], "supp": 167, "conf": 0.05590893873451624}, {"X_pattern": [-1], "Y_pattern": [181, 419, 99, 145, 495], "supp": 168, "conf": 0.056243722798794776}], "total_encoding_cost": 102983.51435340884, "precision": 0.6875, "recall": 0.2517857142857143, "F1": 0.3685836501901141}