{"param": "num_rules", "range": [10.0, 20.0, 30.0, 40.0, 50.0], "runtimes": [29.32674693286419, 34.079715424378705, 41.055299701293315, 50.42394001722336, 53.30208722134431]}