{"model": [], "total_encoding_cost": 155646.54397559946, "miner_runtime": 8.12688999970754, "hypercompressed_model": [], "precision": 0.99, "recall": 0.99, "F1": 0.99}