{"model": [], "total_encoding_cost": 103844.64497515661, "miner_runtime": 9.069248596827189, "hypercompressed_model": [], "precision": 0.99, "recall": 0.99, "F1": 0.99}