{"model": [], "total_encoding_cost": 103922.93459482322, "miner_runtime": 8.5078884045283, "hypercompressed_model": [], "precision": 0.99, "recall": 0.99, "F1": 0.99}