{"model": [{"X_pattern": [464], "Y_pattern": [232], "supp": 4, "conf": 0.13333333333333333}], "total_encoding_cost": 155688.0702575245, "miner_runtime": 10.768849245707194, "hypercompressed_model": [{"X_pattern": [464], "Y_pattern": [232], "supp": 4, "conf": 0.13333333333333333}], "precision": 0.001, "recall": 0.001, "F1": 0.001}