{"model": [], "total_encoding_cost": 103793.98919850867, "miner_runtime": 8.91116516192754, "hypercompressed_model": [], "precision": 0.99, "recall": 0.99, "F1": 0.99}