{"model": [], "total_encoding_cost": 155554.2261263299, "miner_runtime": 8.881347231070201, "hypercompressed_model": [], "precision": 0.99, "recall": 0.99, "F1": 0.99}