{"model": [{"X_pattern": [278], "Y_pattern": [84], "supp": 4, "conf": 0.14814814814814814}], "total_encoding_cost": 155637.57459896788, "miner_runtime": 7.593720245361328, "hypercompressed_model": [{"X_pattern": [278], "Y_pattern": [84], "supp": 4, "conf": 0.14814814814814814}], "precision": 0.001, "recall": 0.001, "F1": 0.001}