{"model": [], "total_encoding_cost": 103791.46091747473, "miner_runtime": 8.643054179350536, "hypercompressed_model": [], "precision": 0.99, "recall": 0.99, "F1": 0.99}