{"model": [], "total_encoding_cost": 103898.97563559577, "miner_runtime": 8.7229589899381, "hypercompressed_model": [], "precision": 0.99, "recall": 0.99, "F1": 0.99}