{"model": [], "total_encoding_cost": 103856.16305808134, "miner_runtime": 6.108073914051056, "hypercompressed_model": [], "precision": 0.99, "recall": 0.99, "F1": 0.99}