{"model": [], "total_encoding_cost": 155693.67839585303, "miner_runtime": 10.634321002165477, "hypercompressed_model": [], "precision": 0.99, "recall": 0.99, "F1": 0.99}