{"model": [], "total_encoding_cost": 155731.9751117261, "miner_runtime": 10.134564832846324, "hypercompressed_model": [], "precision": 0.99, "recall": 0.99, "F1": 0.99}