{"model": [], "total_encoding_cost": 52132.57747613671, "miner_runtime": 3.2945395668347675, "hypercompressed_model": [], "precision": 0.99, "recall": 0.99, "F1": 0.99}