{"model": [], "total_encoding_cost": 52150.19301511471, "miner_runtime": 4.015410017967224, "hypercompressed_model": [], "precision": 0.99, "recall": 0.99, "F1": 0.99}