{"model": [], "total_encoding_cost": 155646.1957848627, "miner_runtime": 10.630466997623444, "hypercompressed_model": [], "precision": 0.99, "recall": 0.99, "F1": 0.99}