{"model": [], "total_encoding_cost": 52144.491153416224, "miner_runtime": 3.8010801394780476, "hypercompressed_model": [], "precision": 0.99, "recall": 0.99, "F1": 0.99}