{"model": [], "total_encoding_cost": 52164.824165205246, "miner_runtime": 3.9373775124549866, "hypercompressed_model": [], "precision": 0.99, "recall": 0.99, "F1": 0.99}