{"model": [], "total_encoding_cost": 103901.75084142137, "miner_runtime": 6.805108765761058, "hypercompressed_model": [], "precision": 0.99, "recall": 0.99, "F1": 0.99}