{"model": [], "total_encoding_cost": 103802.21683368934, "miner_runtime": 8.724305208524068, "hypercompressed_model": [], "precision": 0.99, "recall": 0.99, "F1": 0.99}