{"model": [], "total_encoding_cost": 103810.38675709945, "miner_runtime": 5.890498598416646, "hypercompressed_model": [], "precision": 0.99, "recall": 0.99, "F1": 0.99}