{"model": [], "total_encoding_cost": 155629.37859344686, "miner_runtime": 8.640365227063496, "hypercompressed_model": [], "precision": 0.99, "recall": 0.99, "F1": 0.99}