{"model": [], "total_encoding_cost": 52189.28120187051, "miner_runtime": 3.7009177645047506, "hypercompressed_model": [], "precision": 0.99, "recall": 0.99, "F1": 0.99}