{"model": [], "total_encoding_cost": 103813.67849241056, "miner_runtime": 9.045379892985027, "hypercompressed_model": [], "precision": 0.99, "recall": 0.99, "F1": 0.99}