{"model": [], "total_encoding_cost": 103846.2445149519, "miner_runtime": 7.351537454128265, "hypercompressed_model": [], "precision": 0.99, "recall": 0.99, "F1": 0.99}