{"model": [], "total_encoding_cost": 52089.99306177022, "miner_runtime": 3.86987419128418, "hypercompressed_model": [], "precision": 0.99, "recall": 0.99, "F1": 0.99}