{"model": [{"X_pattern": [460], "Y_pattern": [313], "supp": 4, "conf": 0.36363636363636365}], "total_encoding_cost": 52176.37449603524, "miner_runtime": 3.910033078988393, "hypercompressed_model": [{"X_pattern": [460], "Y_pattern": [313], "supp": 4, "conf": 0.36363636363636365}], "precision": 0.001, "recall": 0.001, "F1": 0.001}