{"model": [], "total_encoding_cost": 155670.2784161017, "miner_runtime": 7.370405801137289, "hypercompressed_model": [], "precision": 0.99, "recall": 0.99, "F1": 0.99}