{"model": [], "total_encoding_cost": 52169.55379560234, "miner_runtime": 4.07448962132136, "hypercompressed_model": [], "precision": 0.99, "recall": 0.99, "F1": 0.99}