{"model": [], "total_encoding_cost": 52180.31949354227, "miner_runtime": 3.8711349685986836, "hypercompressed_model": [], "precision": 0.99, "recall": 0.99, "F1": 0.99}