{"model": [], "total_encoding_cost": 155633.46713343257, "miner_runtime": 11.267075709501903, "hypercompressed_model": [], "precision": 0.99, "recall": 0.99, "F1": 0.99}