{"model": [], "total_encoding_cost": 155674.58759152447, "miner_runtime": 11.055086008707683, "hypercompressed_model": [], "precision": 0.99, "recall": 0.99, "F1": 0.99}