{"model": [], "total_encoding_cost": 52209.73673106107, "miner_runtime": 3.9959674080212912, "hypercompressed_model": [], "precision": 0.99, "recall": 0.99, "F1": 0.99}