{"model": [{"X_pattern": [249], "Y_pattern": [54], "supp": 4, "conf": 0.15384615384615385}], "total_encoding_cost": 103866.63368204131, "miner_runtime": 6.00301206111908, "hypercompressed_model": [{"X_pattern": [249], "Y_pattern": [54], "supp": 4, "conf": 0.15384615384615385}], "precision": 0.001, "recall": 0.001, "F1": 0.001}