{"model": [], "total_encoding_cost": 52142.65563293482, "miner_runtime": 4.166455101966858, "hypercompressed_model": [], "precision": 0.99, "recall": 0.99, "F1": 0.99}