{"model": [], "total_encoding_cost": 103872.5400409433, "miner_runtime": 9.031981281439464, "hypercompressed_model": [], "precision": 0.99, "recall": 0.99, "F1": 0.99}