{"model": [], "total_encoding_cost": 52198.461963485126, "miner_runtime": 4.030551290512085, "hypercompressed_model": [], "precision": 0.99, "recall": 0.99, "F1": 0.99}