{"model": [], "total_encoding_cost": 103911.63394978082, "miner_runtime": 8.735983296235402, "hypercompressed_model": [], "precision": 0.99, "recall": 0.99, "F1": 0.99}