{"model": [], "total_encoding_cost": 155637.91555223262, "miner_runtime": 11.722848773002625, "hypercompressed_model": [], "precision": 0.99, "recall": 0.99, "F1": 0.99}