{"model": [], "total_encoding_cost": 103870.81547266238, "miner_runtime": 9.55974356730779, "hypercompressed_model": [], "precision": 0.99, "recall": 0.99, "F1": 0.99}