{"model": [], "total_encoding_cost": 155597.11720600197, "miner_runtime": 8.382234640916188, "hypercompressed_model": [], "precision": 0.99, "recall": 0.99, "F1": 0.99}