{"model": [{"X_pattern": [444], "Y_pattern": [119], "supp": 4, "conf": 0.23529411764705882}], "total_encoding_cost": 103879.02120002372, "miner_runtime": 6.4598989923795065, "hypercompressed_model": [{"X_pattern": [444], "Y_pattern": [119], "supp": 4, "conf": 0.23529411764705882}], "precision": 0.001, "recall": 0.001, "F1": 0.001}