{"model": [], "total_encoding_cost": 52104.02809547433, "miner_runtime": 3.8569074670473733, "hypercompressed_model": [], "precision": 0.99, "recall": 0.99, "F1": 0.99}