{"model": [], "total_encoding_cost": 52091.10641002355, "miner_runtime": 4.054944761594137, "hypercompressed_model": [], "precision": 0.99, "recall": 0.99, "F1": 0.99}