{"model": [], "total_encoding_cost": 155656.8514600346, "miner_runtime": 10.497361501057943, "hypercompressed_model": [], "precision": 0.99, "recall": 0.99, "F1": 0.99}