{"model": [], "total_encoding_cost": 155575.7922054172, "miner_runtime": 11.12797869046529, "hypercompressed_model": [], "precision": 0.99, "recall": 0.99, "F1": 0.99}