{"model": [], "total_encoding_cost": 155558.9308538794, "miner_runtime": 10.58790219227473, "hypercompressed_model": [], "precision": 0.99, "recall": 0.99, "F1": 0.99}