{"model": [], "total_encoding_cost": 155522.5389485232, "miner_runtime": 11.07078161239624, "hypercompressed_model": [], "precision": 0.99, "recall": 0.99, "F1": 0.99}