{"model": [], "total_encoding_cost": 103809.22259181536, "miner_runtime": 9.295784382025401, "hypercompressed_model": [], "precision": 0.99, "recall": 0.99, "F1": 0.99}