{"model": [], "total_encoding_cost": 155711.28733798367, "miner_runtime": 6.934048350652059, "hypercompressed_model": [], "precision": 0.99, "recall": 0.99, "F1": 0.99}