{"model": [], "total_encoding_cost": 52212.41636201436, "miner_runtime": 3.980959951877594, "hypercompressed_model": [], "precision": 0.99, "recall": 0.99, "F1": 0.99}