{"model": [], "total_encoding_cost": 52186.67005347913, "miner_runtime": 4.0959652741750086, "hypercompressed_model": [], "precision": 0.99, "recall": 0.99, "F1": 0.99}