{"model": [], "total_encoding_cost": 52183.62609699985, "miner_runtime": 3.7479256629943847, "hypercompressed_model": [], "precision": 0.99, "recall": 0.99, "F1": 0.99}