{"model": [], "total_encoding_cost": 155621.54820335994, "miner_runtime": 10.964579510688782, "hypercompressed_model": [], "precision": 0.99, "recall": 0.99, "F1": 0.99}