{"param": "alph_size", "range": [100.0, 300.0, 500.0, 700.0, 900.0, 1100.0], "runtimes": [16.93355233391126, 22.953746386369072, 32.3555589624246, 36.506439117590574, 40.690514605442694, 43.69910573522249]}