{"model": [{"X_pattern": [-1], "Y_pattern": [263, 338, 6, 326, 486], "supp": 478, "conf": 0.14007736490446607}, {"X_pattern": [-1], "Y_pattern": [195, 478, 93, 334, 394], "supp": 473, "conf": 0.1386121205016997}, {"X_pattern": [-1], "Y_pattern": [147, 457, 78, 259, 330], "supp": 469, "conf": 0.13743992497948657}, {"X_pattern": [-1], "Y_pattern": [94, 472, 37, 337, 375], "supp": 473, "conf": 0.1386121205016997}], "total_encoding_cost": 77281.6358730676, "precision": 0.6875, "recall": 0.5035714285714286, "F1": 0.5813343328335833}