{"model": [], "total_encoding_cost": 103923.84907611115, "miner_runtime": 12.212397078673044, "hypercompressed_model": [], "precision": 0.001, "recall": 0.001, "F1": 0.001}