{"model": [], "total_encoding_cost": 103840.29977281115, "miner_runtime": 11.935020554065705, "hypercompressed_model": [], "precision": 0.001, "recall": 0.001, "F1": 0.001}