{"model": [], "total_encoding_cost": 103900.6463535876, "miner_runtime": 12.386806778113048, "hypercompressed_model": [], "precision": 0.001, "recall": 0.001, "F1": 0.001}