{"model": [], "total_encoding_cost": 103929.12559731075, "miner_runtime": 12.371798888842266, "hypercompressed_model": [], "precision": 0.001, "recall": 0.001, "F1": 0.001}