{"model": [{"X_pattern": [426], "Y_pattern": [416], "supp": 4, "conf": 0.19047619047619047}], "total_encoding_cost": 103852.47348995548, "miner_runtime": 12.244374982515971, "hypercompressed_model": [{"X_pattern": [426], "Y_pattern": [416], "supp": 4, "conf": 0.19047619047619047}], "precision": -0.01, "recall": -0.01, "F1": -0.01}