{"model": [], "total_encoding_cost": 103878.9738387074, "miner_runtime": 12.966883365313212, "hypercompressed_model": [], "precision": 0.001, "recall": 0.001, "F1": 0.001}