{"model": [], "total_encoding_cost": 103885.6214749768, "miner_runtime": 12.371065918604533, "hypercompressed_model": [], "precision": 0.001, "recall": 0.001, "F1": 0.001}