{"model": [], "total_encoding_cost": 103859.73343213157, "miner_runtime": 12.104669066270192, "hypercompressed_model": [], "precision": 0.001, "recall": 0.001, "F1": 0.001}