{"model": [], "total_encoding_cost": 103870.6314900155, "miner_runtime": 11.838884087403615, "hypercompressed_model": [], "precision": 0.001, "recall": 0.001, "F1": 0.001}