{"model": [], "total_encoding_cost": 103946.05766392357, "miner_runtime": 11.846839253107706, "hypercompressed_model": [], "precision": 0.001, "recall": 0.001, "F1": 0.001}