{"model": [], "total_encoding_cost": 103894.81493901, "miner_runtime": 12.453745154539744, "hypercompressed_model": [], "precision": 0.001, "recall": 0.001, "F1": 0.001}