{"model": [], "total_encoding_cost": 103894.77333952689, "miner_runtime": 12.59229925473531, "hypercompressed_model": [], "precision": 0.001, "recall": 0.001, "F1": 0.001}