{"model": [{"X_pattern": [249], "Y_pattern": [54], "supp": 4, "conf": 0.15384615384615385}], "total_encoding_cost": 103930.16870859386, "miner_runtime": 11.629739824930827, "hypercompressed_model": [{"X_pattern": [249], "Y_pattern": [54], "supp": 4, "conf": 0.15384615384615385}], "precision": -0.01, "recall": -0.01, "F1": -0.01}