{"model": [], "total_encoding_cost": 103907.73633225026, "miner_runtime": 11.738513052463531, "hypercompressed_model": [], "precision": 0.001, "recall": 0.001, "F1": 0.001}