{"model": [], "total_encoding_cost": 103870.69486715154, "miner_runtime": 12.018359096844991, "hypercompressed_model": [], "precision": 0.001, "recall": 0.001, "F1": 0.001}