{"param": "rule_tail_size", "range": [1.0, 3.0, 5.0, 7.0, 9.0, 11.0], "runtimes": [16.59297862172127, 33.072035665909446, 52.45000161846478, 85.24713886419931, 129.91606323222317, 174.25274641315144]}