{"model": [{"X_pattern": [292, 399], "Y_pattern": [5, 74, 312], "supp": 85, "conf": 0.85}, {"X_pattern": [22, 484], "Y_pattern": [361, 416, 420], "supp": 68, "conf": 0.7083333333333334}, {"X_pattern": [100, 114], "Y_pattern": [8, 166, 262], "supp": 54, "conf": 0.6428571428571429}, {"X_pattern": [23, 459], "Y_pattern": [23, 459, 188, 403, 500], "supp": 19, "conf": 0.17592592592592593}], "total_encoding_cost": 115515.70865866137, "precision": 0.9635416666666667, "recall": 0.25381944444444443, "F1": 0.40179632534702414}