{"model": [{"X_pattern": [-1], "Y_pattern": [26, 88, 59, 79, 93], "supp": 279, "conf": 0.08079462527510715}], "total_encoding_cost": 118755.80756178737, "precision": 0.6875, "recall": 0.06294642857142857, "F1": 0.11533313503866748}