{"model": [{"X_pattern": [-1], "Y_pattern": [7, 77, 19, 55, 97], "supp": 265, "conf": 0.07679378694795409}, {"X_pattern": [-1], "Y_pattern": [30, 57, 23, 51, 76], "supp": 260, "conf": 0.0753448475715776}], "total_encoding_cost": 111704.1546817435, "precision": 0.6875, "recall": 0.12589285714285714, "F1": 0.21281558726673985}