{"model": [{"X_pattern": [-1], "Y_pattern": [4, 91, 37, 82, 98], "supp": 252, "conf": 0.07338380896913221}, {"X_pattern": [-1], "Y_pattern": [5, 97, 72, 83, 84], "supp": 250, "conf": 0.0728013977868375}, {"X_pattern": [-1], "Y_pattern": [30, 55, 17, 73, 79], "supp": 242, "conf": 0.07047175305765871}, {"X_pattern": [-1], "Y_pattern": [59, 63, 21, 71, 92], "supp": 244, "conf": 0.07105416423995341}], "total_encoding_cost": 100362.58173131869, "precision": 0.6875, "recall": 0.2517857142857143, "F1": 0.3685836501901141}