{"model": [{"X_pattern": [-1], "Y_pattern": [40, 68, 33, 75, 81], "supp": 277, "conf": 0.08027124145125768}], "total_encoding_cost": 118603.82777222469, "precision": 0.6875, "recall": 0.06294642857142857, "F1": 0.11533313503866748}