{"model": [{"X_pattern": [-1], "Y_pattern": [25, 53, 40, 45, 91], "supp": 259, "conf": 0.07483386304536262}, {"X_pattern": [-1], "Y_pattern": [77, 79, 23, 72, 89], "supp": 265, "conf": 0.0765674660502745}, {"X_pattern": [-1], "Y_pattern": [31, 88, 36, 46, 92], "supp": 247, "conf": 0.07136665703553886}], "total_encoding_cost": 105448.44382187049, "precision": 0.6875, "recall": 0.1888392857142857, "F1": 0.2962939378502292}