{"model": [{"X_pattern": [-1], "Y_pattern": [11, 33, 39, 52, 83], "supp": 273, "conf": 0.07954081929957463}], "total_encoding_cost": 119482.63091629917, "precision": 0.6875, "recall": 0.06294642857142857, "F1": 0.11533313503866748}