{"param": "seq_size", "range": [5000.0, 10000.0, 15000.0], "runtimes": [3.9047464901208877, 8.147878560622534, 9.688955581585567]}