{"param": "rule_conf", "range": [0.1, 0.30000000000000004, 0.5, 0.7, 0.8999999999999999], "runtimes": [12.543060556451481, 17.709349509477615, 23.635270397663113, 30.268281186024346, 34.98298914750418]}